Company,Rating,CocoaPercentage
A. Morin,3.75,63
A. Morin,2.75,70
A. Morin,3.0,70
A. Morin,3.5,70
A. Morin,3.5,70
A. Morin,2.75,70
A. Morin,3.5,70
A. Morin,3.5,70
A. Morin,3.75,70
A. Morin,4.0,70
A. Morin,2.75,70
A. Morin,3.0,70
A. Morin,3.25,70
A. Morin,3.75,70
A. Morin,2.75,70
A. Morin,3.0,70
A. Morin,3.25,70
A. Morin,4.0,70
A. Morin,3.25,70
A. Morin,3.5,70
A. Morin,4.0,63
A. Morin,3.5,70
A. Morin,3.75,63
Acalli,3.75,70
Acalli,3.75,70
Adi,2.75,60
Adi,3.25,80
Adi,3.5,88
Adi,3.5,72
Aequare (Gianduja),2.75,55
Aequare (Gianduja),3.0,70
Ah Cacao,3.0,70
Akesson's (Pralus),3.75,75
Akesson's (Pralus),2.75,75
Akesson's (Pralus),2.75,75
Alain Ducasse,2.75,65
Alain Ducasse,2.75,75
Alain Ducasse,3.0,75
Alain Ducasse,2.5,75
Alain Ducasse,2.5,75
Alexandre,3.5,70
Alexandre,3.5,70
Alexandre,3.5,70
Alexandre,3.5,70
Altus aka Cao Artisan,2.75,60
Altus aka Cao Artisan,3.0,60
Altus aka Cao Artisan,2.5,60
Altus aka Cao Artisan,2.5,60
Altus aka Cao Artisan,2.75,60
Altus aka Cao Artisan,2.5,60
Altus aka Cao Artisan,3.0,60
Altus aka Cao Artisan,3.25,80
Altus aka Cao Artisan,3.0,60
Altus aka Cao Artisan,3.25,60
Amano,4.0,70
Amano,3.75,70
Amano,4.0,70
Amano,3.0,70
Amano,3.0,70
Amano,2.75,70
Amano,3.5,70
Amano,3.0,70
Amano,3.75,70
Amatller (Simon Coll),3.0,70
Amatller (Simon Coll),2.75,70
Amatller (Simon Coll),2.75,85
Amatller (Simon Coll),3.0,85
Amazona,3.25,72
Amazona,3.5,73
Ambrosia,3.0,64
Ambrosia,3.25,66
Ambrosia,3.25,75
Ambrosia,3.25,63
Ambrosia,3.25,70
Ambrosia,3.5,68
Amedei,3.75,70
Amedei,4.0,70
Amedei,4.0,75
Amedei,5.0,70
Amedei,3.0,70
Amedei,3.0,70
Amedei,3.5,70
Amedei,3.75,70
Amedei,4.0,70
Amedei,3.5,70
Amedei,3.5,63
Amedei,5.0,70
Amedei,4.0,66
AMMA,3.25,75
AMMA,2.75,85
AMMA,3.75,50
AMMA,3.75,75
AMMA,4.0,60
Anahata,3.0,75
Animas,3.5,75
Ara,3.0,75
Ara,2.5,72
Ara,2.75,75
Ara,3.0,75
Arete,3.5,70
Arete,3.75,70
Arete,3.5,73
Arete,3.25,70
Arete,3.25,70
Arete,3.5,70
Arete,3.75,70
Arete,3.5,70
Arete,4.0,70
Arete,4.0,70
Arete,3.75,70
Arete,3.25,70
Arete,3.25,73
Arete,3.5,70
Arete,3.5,68
Arete,3.75,70
Arete,3.5,70
Arete,3.75,70
Arete,4.0,70
Arete,2.75,75
Arete,3.25,70
Arete,3.5,75
Artisan du Chocolat,3.25,72
Artisan du Chocolat,3.75,72
Artisan du Chocolat,4.0,72
Artisan du Chocolat,2.75,72
Artisan du Chocolat,1.75,100
Artisan du Chocolat,3.75,72
Artisan du Chocolat,3.25,72
Artisan du Chocolat,3.25,72
Artisan du Chocolat,3.5,72
Artisan du Chocolat,2.5,75
Artisan du Chocolat,2.75,72
Artisan du Chocolat,1.75,72
Artisan du Chocolat,3.0,80
Artisan du Chocolat,3.0,75
Artisan du Chocolat,3.25,72
Artisan du Chocolat,3.75,72
Artisan du Chocolat (Casa Luker),2.75,72
Askinosie,3.75,68
Askinosie,3.75,72
Askinosie,3.75,70
Askinosie,3.75,77
Askinosie,2.5,75
Askinosie,3.0,70
Bahen & Co.,3.25,80
Bahen & Co.,3.5,70
Bahen & Co.,3.0,70
Bahen & Co.,2.5,70
Bahen & Co.,2.5,70
Bakau,2.75,70
Bakau,3.5,70
Bar Au Chocolat,3.5,70
Bar Au Chocolat,4.0,70
Bar Au Chocolat,3.25,70
Bar Au Chocolat,3.5,70
Bar Au Chocolat,3.75,70
Baravelli's,2.75,80
Batch,3.5,65
Batch,3.75,70
Batch,3.25,65
Beau Cacao,3.0,73
Beau Cacao,3.25,72
Beehive,2.75,80
Beehive,2.75,70
Beehive,2.75,70
Beehive,2.75,90
Belcolade,2.75,64
Belcolade,2.75,64
Belcolade,2.75,64
Belcolade,3.5,71
Bellflower,3.5,70
Bellflower,3.25,70
Bellflower,3.5,70
Belyzium,2.75,83
Belyzium,3.0,78
Belyzium,3.5,83
Benoit Nihant,3.5,74
Benoit Nihant,3.5,74
Benoit Nihant,3.5,74
Benoit Nihant,4.0,73
Benoit Nihant,4.0,72
Benoit Nihant,3.75,72
Bernachon,2.75,55
Beschle (Felchlin),3.0,64
Beschle (Felchlin),3.0,88
Beschle (Felchlin),3.5,72
Beschle (Felchlin),4.0,72
Beschle (Felchlin),3.25,70
Beschle (Felchlin),3.25,74
Beschle (Felchlin),3.5,64
Beschle (Felchlin),3.5,72
Bisou,2.5,76
Bisou,2.5,76
Bisou,2.5,78
Bisou,3.25,86
Bittersweet Origins,3.5,72
Bittersweet Origins,3.25,75
Bittersweet Origins,3.75,70
Bittersweet Origins,2.75,65
Bittersweet Origins,3.0,70
Bittersweet Origins,3.0,78
Bittersweet Origins,3.0,75
Bittersweet Origins,3.5,65
Bittersweet Origins,3.25,75
Bittersweet Origins,3.5,65
Bittersweet Origins,3.0,71
Bittersweet Origins,3.5,75
Bittersweet Origins,3.75,68
Bittersweet Origins,3.0,70
Black Mountain,2.75,70
Black Mountain,2.75,70
Black Mountain,3.0,70
Black River (A. Morin),2.75,70
Blanxart,3.5,82
Blanxart,2.75,72
Blue Bandana,3.5,82
Blue Bandana,2.75,75
Blue Bandana,3.5,75
Blue Bandana,3.0,75
Blue Bandana,3.5,70
Blue Bandana,3.75,70
Bonnat,3.5,75
Bonnat,4.0,75
Bonnat,3.25,75
Bonnat,3.75,65
Bonnat,3.5,75
Bonnat,3.25,75
Bonnat,3.5,75
Bonnat,3.5,75
Bonnat,3.5,75
Bonnat,3.75,75
Bonnat,4.0,75
Bonnat,4.0,75
Bonnat,3.5,75
Bonnat,3.25,75
Bonnat,3.0,75
Bonnat,2.75,75
Bonnat,3.0,75
Bonnat,3.0,75
Bonnat,4.0,75
Bonnat,2.5,75
Bonnat,3.75,75
Bonnat,4.0,75
Bonnat,4.0,75
Bonnat,4.0,75
Bonnat,1.5,100
Bonnat,3.0,75
Bonnat,4.0,75
Bouga Cacao (Tulicorp),3.25,77
Bouga Cacao (Tulicorp),1.5,100
Bowler Man,2.75,70
Bowler Man,2.75,70
Brasstown aka It's Chocolate,3.5,70
Brasstown aka It's Chocolate,3.75,70
Brasstown aka It's Chocolate,3.75,68
Brasstown aka It's Chocolate,3.75,70
Brasstown aka It's Chocolate,4.0,70
Brasstown aka It's Chocolate,3.0,72
Brasstown aka It's Chocolate,3.25,70
Brasstown aka It's Chocolate,3.5,75
Brasstown aka It's Chocolate,3.5,85
Brazen,3.0,60
Brazen,3.25,80
Brazen,3.5,70
Brazen,2.75,80
Brazen,3.25,80
Brazen,3.25,60
Breeze Mill,3.0,70
Bright,3.0,72
Bright,3.5,70
Bright,3.5,72
Bright,2.75,68
Britarev,3.25,70
Bronx Grrl Chocolate,2.75,68
Burnt Fork Bend,3.25,72
Burnt Fork Bend,3.5,72
Burnt Fork Bend,3.25,72
Burnt Fork Bend,3.25,72
Burnt Fork Bend,2.5,60
Cacao Arabuco,2.5,70
Cacao Atlanta,2.5,75
Cacao Atlanta,2.5,75
Cacao Atlanta,2.75,75
Cacao Atlanta,2.25,75
Cacao Barry,3.5,65
Cacao Barry,3.0,70
Cacao Barry,2.0,75
Cacao Barry,2.0,72
Cacao Barry,3.0,66
Cacao de Origen,3.5,77
Cacao de Origen,3.25,75
Cacao de Origen,2.5,75
Cacao de Origen,3.25,74
Cacao de Origen,3.5,75
Cacao de Origen,3.75,70
Cacao de Origin,3.25,74
Cacao Hunters,3.75,71
Cacao Hunters,3.75,74
Cacao Hunters,3.75,72
Cacao Hunters,3.5,64
Cacao Hunters,3.5,70
Cacao Hunters,2.75,69
Cacao Hunters,3.25,70
Cacao Market,3.5,70
Cacao Prieto,3.75,72
Cacao Prieto,3.0,72
Cacao Prieto,3.75,66
Cacao Prieto,3.25,65
Cacao Sampaka,3.5,70
Cacao Sampaka,3.5,71
Cacao Sampaka,3.75,71
Cacao Sampaka,4.0,71
Cacao Sampaka,3.25,71
Cacao Sampaka,3.5,71
Cacao Sampaka,3.5,77
Cacao Sampaka,4.0,70
Cacao Sampaka,4.0,70
Cacao Store,3.0,70
Cacao Store,3.25,70
Cacao Store,3.5,70
Cacaosuyo (Theobroma Inversiones),3.25,70
Cacaoyere (Ecuatoriana),3.5,63
Cacaoyere (Ecuatoriana),3.5,71
Cacaoyere (Ecuatoriana),2.5,82
Cacaoyere (Ecuatoriana),1.5,91
Callebaut,2.75,60
Callebaut,1.0,70
C-Amaro,2.5,75
C-Amaro,3.0,72
C-Amaro,3.5,70
C-Amaro,3.5,100
C-Amaro,3.0,80
C-Amaro,2.25,78
C-Amaro,2.5,70
Cao,2.5,75
Cao,2.75,73
Cao,3.0,70
Cao,3.0,75
Cao,3.25,70
Caoni (Tulicorp),2.0,77
Caoni (Tulicorp),2.5,77
Caoni (Tulicorp),2.75,77
Caoni (Tulicorp),3.0,55
Caoni (Tulicorp),3.25,55
Caoni (Tulicorp),3.5,55
Captain Pembleton,3.5,70
Captain Pembleton,3.75,70
Caribeans,3.5,72
Caribeans,3.25,72
Caribeans,3.5,72
Caribeans,3.0,72
Caribeans,2.75,80
Carlotta Chocolat,3.0,65
Carlotta Chocolat,3.25,65
Carlotta Chocolat,3.25,65
Carlotta Chocolat,3.5,65
Carlotta Chocolat,3.5,65
Castronovo,4.0,72
Castronovo,3.5,72
Castronovo,3.75,70
Castronovo,3.5,72
Castronovo,3.5,72
Castronovo,3.5,76
Castronovo,2.75,70
Castronovo,3.0,70
Castronovo,3.5,73
Castronovo,2.5,70
Castronovo,3.25,70
Castronovo,3.25,72
Castronovo,2.75,70
Castronovo,3.0,72
Cello,2.5,70
Cello,2.75,70
Cello,2.75,70
Cello,3.0,70
Cemoi,2.75,72
Chaleur B,2.75,70
Charm School,3.25,70
Chchukululu (Tulicorp),2.75,55
Chchukululu (Tulicorp),3.0,75
Chequessett,3.5,70
Chloe Chocolat,3.5,70
Chocablog,3.25,70
Choco Del Sol,3.0,75
Choco Del Sol,3.25,82
Choco Dong,2.75,70
Choco Dong,3.5,70
Chocolarder,2.5,65
Chocolarder,2.75,65
Chocolarder,2.5,80
Chocola'te,3.75,70
Chocola'te,3.75,68
Chocolate Alchemist-Philly,2.5,90
Chocolate Alchemist-Philly,2.5,80
Chocolate Con Amor,2.5,70
Chocolate Con Amor,2.75,70
Chocolate Con Amor,3.0,60
Chocolate Con Amor,3.0,75
Chocolate Con Amor,3.0,80
Chocolate Con Amor,3.25,70
Chocolate Con Amor,2.75,80
Chocolate Conspiracy,2.75,74
Chocolate Makers,3.25,75
Chocolate Makers,3.5,68
Chocolate Makers,3.75,80
"Chocolate Tree, The",3.75,69
"Chocolate Tree, The",3.75,80
"Chocolate Tree, The",3.75,70
"Chocolate Tree, The",2.5,82
"Chocolate Tree, The",2.75,68
"Chocolate Tree, The",3.25,72
Chocolats Privilege,2.5,70
ChocoReko,3.0,77
Chocosol,3.25,65
Chocovic,3.25,71
Chocovic,3.5,71
Chocovic,3.25,60
Chocovic,3.25,75
Chocovic,3.5,71
Chocovic,2.5,71
Chocovic,2.5,71
Chocovic,3.0,70
Chocovivo,2.5,65
Chocovivo,2.5,75
Choklat,2.5,80
Choklat,2.75,70
Choklat,3.0,70
Choklat,3.0,80
Choklat,3.0,70
Chokolat Elot (Girard),2.75,42
Choocsol,3.25,75
Christopher Morel (Felchlin),3.75,68
Chuao Chocolatier,3.0,61
Chuao Chocolatier (Pralus),2.75,77
Claudio Corallo,3.75,73.5
Claudio Corallo,3.0,80
Claudio Corallo,4.0,75
Claudio Corallo,1.0,100
Cloudforest,3.5,73
Coleman & Davis,3.0,75
Compania de Chocolate (Salgado),3.25,70
Compania de Chocolate (Salgado),2.75,80
Compania de Chocolate (Salgado),3.25,72
Compania de Chocolate (Salgado),3.75,70
Compania de Chocolate (Salgado),2.75,88
Condor,3.5,76
Confluence,2.75,78
Coppeneur,3.25,65
Coppeneur,3.5,85
Coppeneur,1.5,100
Coppeneur,3.75,72
Coppeneur,3.5,70
Coppeneur,3.25,72
Coppeneur,3.0,70
Coppeneur,2.5,72
Coppeneur,3.0,72
Coppeneur,3.25,72
Coppeneur,3.25,72
Coppeneur,3.0,72
Coppeneur,3.25,62
Coppeneur,3.5,70
Coppeneur,3.75,70
Coppeneur,3.0,72
Coppeneur,3.0,72
Coppeneur,3.0,72
Cote d' Or (Kraft),1.0,70
Cravve,2.5,70
Cravve,2.75,83
Cravve,3.25,75
Cravve,3.25,65
Cravve,3.25,67
Cravve,3.25,64
Cravve,3.5,75
Creo,3.25,85
Creo,3.75,73
Daintree,2.75,70
Daintree,3.25,70
Dalloway,2.75,72
Damson,3.0,70
Damson,3.5,70
Damson,2.25,70
Damson,2.75,70
Dandelion,3.75,70
Dandelion,3.0,70
Dandelion,3.5,70
Dandelion,3.5,70
Dandelion,2.75,70
Dandelion,3.75,70
Dandelion,2.75,70
Dandelion,3.25,70
Dandelion,3.5,70
Dandelion,3.5,70
Dandelion,3.0,70
Dandelion,3.25,70
Dandelion,3.75,70
Dandelion,3.25,70
Dandelion,3.25,70
Dandelion,3.25,70
Danta,3.25,82
Danta,3.0,75
Danta,3.75,70
Danta,3.75,70
Danta,4.0,70
Danta,3.25,70
Danta,3.5,60
Danta,3.0,75
Danta,3.25,60
DAR,2.75,72
DAR,3.0,72
DAR,3.25,70
Dark Forest,3.25,75
Dark Forest,3.0,70
Dark Forest,3.25,70
Dark Forest,3.0,70
Dark Forest,3.25,70
Davis,2.5,70
Davis,2.75,70
Davis,2.75,70
Davis,3.25,58
De Mendes,3.5,72
De Mendes,3.5,65
De Villiers,2.5,70
De Villiers,3.0,70
Dean and Deluca (Belcolade),2.5,66
Dean and Deluca (Belcolade),3.0,64
Dean and Deluca (Belcolade),3.0,71
Dean and Deluca (Belcolade),3.0,60
Dean and Deluca (Belcolade),3.0,64
Dean and Deluca (Belcolade),3.0,64
Debauve & Gallais (Michel Cluizel),3.0,64
Debauve & Gallais (Michel Cluizel),3.75,66
Desbarres,2.5,72
DeVries,2.75,80
DeVries,3.5,77
DeVries,3.5,77
Dick Taylor,3.75,70
Dick Taylor,3.5,78
Dick Taylor,3.75,70
Dick Taylor,3.5,74
Dick Taylor,3.25,70
Dick Taylor,3.5,76
Dick Taylor,2.75,75
Dick Taylor,2.75,72
Dick Taylor,2.75,80
Dick Taylor,3.0,72
Dick Taylor,2.75,75
Dick Taylor,3.0,74
Dick Taylor,3.25,70
Doble & Bignall,3.0,85
Doble & Bignall,3.25,72
Doble & Bignall,3.25,72
Doble & Bignall,3.5,72
Dole (Guittard),3.75,70
Dolfin (Belcolade),3.0,88
Dolfin (Belcolade),1.5,70
Domori,3.75,70
Domori,3.75,70
Domori,3.0,100
Domori,3.5,70
Domori,3.75,70
Domori,3.5,70
Domori,3.0,70
Domori,3.0,70
Domori,3.0,70
Domori,3.5,78
Domori,3.75,70
Domori,4.0,70
Domori,3.25,75
Domori,3.25,60
Domori,3.5,70
Domori,3.5,70
Domori,3.75,70
Domori,4.0,70
Domori,4.0,70
Domori,3.0,70
Domori,3.25,70
Domori,3.5,70
Dormouse,2.75,75
Dormouse,2.5,70
Dormouse,2.75,80
Dormouse,2.75,77
Duffy's,4.0,70
Duffy's,3.5,70
Duffy's,3.75,76
Duffy's,3.75,72
Duffy's,3.75,72
Duffy's,3.5,65
Duffy's,3.0,72
Duffy's,3.25,71
Duffy's,3.5,71
Duffy's,3.5,70
Duffy's,3.75,72
Duffy's,2.5,70
Duffy's,3.75,70
Dulcinea,3.25,70
Durand,2.75,82
Durci,3.5,70
Durci,3.5,70
Durci,3.25,70
Durci,3.25,70
Durci,4.0,70
East Van Roasters,3.25,70
East Van Roasters,3.5,70
East Van Roasters,3.75,70
Eau de Rose,3.25,70
Eau de Rose,3.25,70
Eclat (Felchlin),2.75,72
Edelmond,3.0,68
El Ceibo,3.75,75
El Ceibo,2.75,71
El Rey,3.75,70
El Rey,2.75,60.5
El Rey,3.0,70
El Rey,2.5,74
El Rey,2.5,58
El Rey,3.0,61
El Rey,2.75,70
Emerald Estate,2.75,60
Emerald Estate,3.25,70
Emily's,3.0,79
Emily's,3.5,78
ENNA,3.25,75
Enric Rovira (Claudio Corallo),3.25,80
Erithaj (A. Morin),3.25,70
Erithaj (A. Morin),3.0,80
Erithaj (A. Morin),3.25,74
Escazu,2.75,70
Escazu,2.0,65
Escazu,3.5,81
Escazu,2.75,74
Escazu,3.0,72
Ethel's Artisan (Mars),2.5,55
Ethel's Artisan (Mars),2.5,55
Ethel's Artisan (Mars),2.5,70
Ethel's Artisan (Mars),2.75,62
Ethel's Artisan (Mars),2.5,62
Ethereal,3.0,80
Ethereal,3.5,80
Ethereal,3.75,80
Fearless (AMMA),2.75,75
Feitoria Cacao,3.0,76
Feitoria Cacao,2.5,76
Feitoria Cacao,2.75,76
Felchlin,3.5,58
Felchlin,2.0,62
Felchlin,3.0,74
Felchlin,3.0,64
Felchlin,3.0,65
Felchlin,3.5,72
Felchlin,4.0,68
Finca,2.25,65
Finca,3.0,80
Finca,3.25,70
Finca,2.5,85
Forever Cacao,2.75,72
Forteza (Cortes),2.75,70
Forteza (Cortes),2.75,80
Fossa,2.75,70
Fossa,3.5,75
Fossa,3.75,67
Franceschi,3.5,70
Franceschi,3.75,70
Franceschi,3.75,70
Franceschi,3.5,60
Frederic Blondeel,3.5,70
Frederic Blondeel,3.5,75
Frederic Blondeel,3.0,80
Frederic Blondeel,3.5,60
Frederic Blondeel,3.5,65
French Broad,3.5,70
French Broad,3.5,73
French Broad,3.0,80
French Broad,3.25,68
French Broad,3.5,66
French Broad,2.5,70
French Broad,3.5,61
French Broad,2.0,81
French Broad,3.5,70
French Broad,3.5,65
Fresco,3.0,70
Fresco,3.5,70
Fresco,3.5,70
Fresco,3.5,70
Fresco,3.25,72
Fresco,3.75,72
Fresco,3.75,70
Fresco,4.0,70
Fresco,3.5,69
Fresco,3.5,69
Fresco,4.0,74
Fresco,4.0,69
Fresco,3.0,69
Fresco,2.75,74
Fresco,3.25,70
Fresco,3.5,72
Fresco,3.5,70
Fresco,2.75,74
Fresco,3.25,72
Fresco,3.0,74
Fresco,3.25,76
Fresco,4.0,70
Fresco,2.75,80
Fresco,3.0,70
Fresco,3.25,70
Fresco,3.5,65
Friis Holm,3.5,70
Friis Holm (Bonnat),3.0,60
Friis Holm (Bonnat),3.25,85
Friis Holm (Bonnat),3.5,70
Friis Holm (Bonnat),3.25,70
Friis Holm (Bonnat),3.5,70
Friis Holm (Bonnat),3.25,70
Friis Holm (Bonnat),3.25,70
Friis Holm (Bonnat),3.25,70
Friis Holm (Bonnat),3.75,70
Friis Holm (Bonnat),3.25,70
Friis Holm (Bonnat),3.5,70
Friis Holm (Bonnat),3.5,70
Fruition,3.75,74
Fruition,4.0,74
Fruition,3.75,70
Fruition,3.0,76
Fruition,3.75,70
Fruition,3.0,75
Fruition,2.5,70
Fruition,3.25,66
Fruition,3.0,70
Garden Island,2.5,85
Georgia Ramon,3.25,65
Georgia Ramon,4.0,70
Georgia Ramon,3.5,70
Georgia Ramon,3.5,80
Georgia Ramon,3.5,75
Glennmade,3.5,70
Glennmade,3.0,66
Goodnow Farms,2.75,77
Goodnow Farms,3.25,77
Goodnow Farms,3.25,77
Grand Place,3.0,72
Green & Black's (ICAM),2.5,70
Green Bean to Bar,3.5,70
Grenada Chocolate Co.,3.25,82
Grenada Chocolate Co.,2.75,60
Grenada Chocolate Co.,2.5,71
Guido Castagna,3.0,64
Guido Castagna,3.0,64
Guido Castagna,3.0,64
Guido Castagna,3.0,76
Guido Castagna,3.25,64
Guittard,3.75,70
Guittard,2.75,65
Guittard,2.75,65
Guittard,3.25,65
Guittard,3.5,65
Guittard,2.75,72
Guittard,3.25,61
Guittard,3.25,72
Guittard,3.0,65
Guittard,3.0,55
Guittard,3.0,91
Guittard,3.5,70
Guittard,3.0,65
Guittard,3.0,64
Guittard,3.5,65
Guittard,3.5,72
Guittard,3.0,65
Guittard,2.5,65
Guittard,3.5,65
Guittard,3.5,65
Guittard,3.5,61
Guittard,3.0,61
Habitual,2.75,80
Habitual,2.75,74
Habitual,3.25,75
Habitual,3.5,70
Habitual,2.75,65
Habitual,3.0,70
Habitual,3.0,80
Habitual,3.25,66
Habitual,2.0,100
Hachez,2.5,77
Hacienda El Castillo,2.75,55
Hacienda El Castillo,3.0,70
Haigh,3.0,70
Harper Macaw,3.25,85
Harper Macaw,3.0,67
Harper Macaw,3.5,77
Harper Macaw,3.5,74
Heilemann,2.75,64
Heirloom Cacao Preservation (Brasstown),3.25,70
Heirloom Cacao Preservation (Fruition),3.5,74
Heirloom Cacao Preservation (Guittard),3.5,67
Heirloom Cacao Preservation (Guittard),3.0,67
Heirloom Cacao Preservation (Guittard),3.75,67
Heirloom Cacao Preservation (Guittard),3.75,67
Heirloom Cacao Preservation (Manoa),3.5,72
Heirloom Cacao Preservation (Millcreek),3.5,70
Heirloom Cacao Preservation (Mindo),3.5,77
Heirloom Cacao Preservation (Zokoko),3.75,68
Heirloom Cacao Preservation (Zokoko),4.0,72
hello cocoa,2.75,57
hello cocoa,3.5,74
hexx,2.75,70
hexx,3.0,74
hexx,3.0,70
hexx,3.25,73
hexx,3.25,70
Hogarth,2.75,70
Hogarth,2.75,72
Hogarth,3.25,75
Hogarth,3.5,66
Hoja Verde (Tulicorp),2.0,80
Hoja Verde (Tulicorp),2.5,80
Hoja Verde (Tulicorp),3.0,72
Hoja Verde (Tulicorp),3.25,58
Hoja Verde (Tulicorp),3.5,58
Holy Cacao,2.75,70
Holy Cacao,3.5,70
Holy Cacao,3.5,70
Holy Cacao,3.5,70
Holy Cacao,3.5,70
Holy Cacao,2.5,70
Holy Cacao,2.75,70
Holy Cacao,3.5,70
Holy Cacao,3.75,75
Honest,2.5,72
Hotel Chocolat,2.75,70
Hotel Chocolat,4.0,70
Hotel Chocolat,1.75,100
Hotel Chocolat (Coppeneur),3.0,75
Hotel Chocolat (Coppeneur),3.5,80
Hotel Chocolat (Coppeneur),3.0,90
Hotel Chocolat (Coppeneur),3.0,72
Hotel Chocolat (Coppeneur),3.5,82
Hotel Chocolat (Coppeneur),2.75,100
Hotel Chocolat (Coppeneur),2.5,100
Hotel Chocolat (Coppeneur),2.75,100
Hotel Chocolat (Coppeneur),3.5,66
Hotel Chocolat (Coppeneur),3.0,80
Hotel Chocolat (Coppeneur),3.0,65
Hotel Chocolat (Coppeneur),3.25,65
Hotel Chocolat (Coppeneur),2.75,70
Hotel Chocolat (Coppeneur),3.0,70
Hotel Chocolat (Coppeneur),2.75,70
Hotel Chocolat (Coppeneur),3.0,72
Hotel Chocolat (Coppeneur),2.5,80
Hotel Chocolat (Coppeneur),2.75,75
Hotel Chocolat (Coppeneur),3.0,72
Hummingbird,3.5,70
Hummingbird,3.0,70
Hummingbird,3.0,70
Hummingbird,3.0,70
Hummingbird,3.75,70
Hummingbird,3.5,70
Hummingbird,3.25,70
Hummingbird,3.75,70
Idilio (Felchlin),3.75,72
Idilio (Felchlin),3.75,72
Idilio (Felchlin),3.75,72
Idilio (Felchlin),3.25,72
Idilio (Felchlin),3.75,72
Idilio (Felchlin),4.0,74
Idilio (Felchlin),3.5,72
Idilio (Felchlin),4.0,70
Idilio (Felchlin),4.0,72
Idilio (Felchlin),4.0,72
Indah,2.5,61
Indaphoria,3.25,70
Indaphoria,2.75,70
Indi,3.0,77
iQ Chocolate,2.75,72
iQ Chocolate,3.0,72
Isidro,3.5,72
Isidro,2.25,72
Isidro,3.25,72
Isidro,3.25,72
Izard,3.5,70
Izard,2.75,70
Jacque Torres,2.0,71
Jordis,2.75,63
Just Good Chocolate,3.5,70
Just Good Chocolate,3.5,70
Just Good Chocolate,4.0,70
Kah Kow,3.5,70
Kah Kow,3.0,82
Kah Kow,3.25,55
Kah Kow,3.25,62
Kakao,2.5,64
Kakao,3.75,65
Kallari (Ecuatoriana),3.0,70
Kallari (Ecuatoriana),3.5,70
Kallari (Ecuatoriana),2.75,75
Kallari (Ecuatoriana),2.5,85
Kallari (Ecuatoriana),2.75,85
Kallari (Ecuatoriana),3.0,85
Kallari (Ecuatoriana),2.5,75
Kallari (Ecuatoriana),3.0,85
Kaoka (Cemoi),2.75,70
Kaoka (Cemoi),2.75,80
Kerchner,3.75,70
Ki' Xocolatl,2.0,72
Kiskadee,3.0,60
Kto,2.5,72
Kto,2.75,72
Kto,3.0,72
Kto,3.25,72
Kto,3.25,90
Kto,3.25,72
Kto,3.25,72
K'ul,3.25,70
K'ul,2.75,70
K'ul,3.75,70
K'ul,3.75,70
Kyya,2.5,72.5
Kyya,3.0,72.5
Kyya,2.5,72.5
Kyya,3.0,72.5
L.A. Burdick (Felchlin),3.25,74
L.A. Burdick (Felchlin),4.0,70
L.A. Burdick (Felchlin),3.75,68
L.A. Burdick (Felchlin),3.75,74
L.A. Burdick (Felchlin),3.25,75
L.A. Burdick (Felchlin),3.75,74
L.A. Burdick (Felchlin),3.0,71
L.A. Burdick (Felchlin),3.5,64
L.A. Burdick (Felchlin),3.0,68
La Chocolaterie Nanairo,2.25,70
La Chocolaterie Nanairo,2.5,70
La Chocolaterie Nanairo,3.0,70
La Chocolaterie Nanairo,3.0,70
La Maison du Chocolat (Valrhona),2.75,74
La Maison du Chocolat (Valrhona),3.25,60
La Maison du Chocolat (Valrhona),3.25,56
La Maison du Chocolat (Valrhona),3.5,66
La Maison du Chocolat (Valrhona),3.5,68
La Maison du Chocolat (Valrhona),3.25,68
La Maison du Chocolat (Valrhona),3.5,69
La Maison du Chocolat (Valrhona),3.0,60
La Maison du Chocolat (Valrhona),3.75,60
La Maison du Chocolat (Valrhona),3.5,74
La Oroquidea,2.5,72
La Pepa de Oro,3.25,60
Laia aka Chat-Noir,2.75,75
Laia aka Chat-Noir,2.75,75
Laia aka Chat-Noir,3.0,75
Laia aka Chat-Noir,3.25,75
Laia aka Chat-Noir,3.0,75
Laia aka Chat-Noir,3.5,75
Laia aka Chat-Noir,3.25,75
Laia aka Chat-Noir,3.75,75
Laia aka Chat-Noir,2.75,70
Laia aka Chat-Noir,2.75,68
Lajedo do Ouro,3.5,70
Lake Champlain (Callebaut),2.5,75
L'Amourette,3.5,80
L'Amourette,3.0,75
L'Amourette,3.0,75
L'Amourette,3.0,72
Letterpress,3.5,70
Letterpress,3.25,70
Letterpress,3.25,70
Letterpress,3.25,70
Letterpress,3.5,70
Letterpress,3.0,70
Letterpress,3.25,70
Letterpress,3.5,70
Letterpress,3.5,70
Levy,3.5,71
Lilla,3.0,70
Lillie Belle,3.5,65
Lillie Belle,3.5,68
Lillie Belle,3.75,68
Lillie Belle,2.75,75
Lillie Belle,3.0,74
Lillie Belle,3.5,68
Lindt & Sprungli,3.0,85
Loiza,2.5,65
Lonohana,3.75,70
Lonohana,3.25,65
Lonohana,3.75,75
Lonohana,3.0,71
Lonohana,3.0,72
Lonohana,3.5,70
Love Bar,2.0,75
Luker,2.75,46
Luker,3.0,60
Luker,3.0,58
Luker,3.5,65
Machu Picchu Trading Co.,1.5,70
Machu Picchu Trading Co.,2.25,55
Madecasse (Cinagra),3.5,67
Madecasse (Cinagra),3.75,70
Madecasse (Cinagra),4.0,63
Madecasse (Cinagra),3.5,75
Madre,3.5,73
Madre,2.75,70
Madre,3.5,70
Madre,2.75,70
Madre,2.75,70
Madre,3.25,70
Madre,3.25,70
Madre,3.5,70
Madre,2.5,70
Madre,2.75,70
Madre,2.75,72
Maglio,2.0,75
Maglio,3.0,70
Maglio,3.25,70
Maglio,3.75,70
Majani,2.0,70
Malagasy (Chocolaterie Robert),2.75,75
Malagasy (Chocolaterie Robert),3.5,73
Malagos,3.5,65
Malie Kai (Guittard),3.5,55
Malie Kai (Guittard),2.75,55
Malmo,3.0,70
Mana,2.5,74
Mana,2.5,74
Mana,2.75,74
Mana,3.75,74
Manifesto Cacao,2.75,70
Manoa,3.5,72
Manoa,3.75,72
Manoa,3.75,72
Manoa,3.25,72
Manoa,2.75,72
Manoa,3.0,72
Manoa,3.25,72
Manufaktura Czekolady,3.75,70
Manufaktura Czekolady,3.5,70
Manufaktura Czekolady,3.75,70
Manufaktura Czekolady,3.5,85
Manufaktura Czekolady,3.25,70
Manufaktura Czekolady,3.5,70
Manufaktura Czekolady,3.25,70
Map Chocolate,3.25,75
Map Chocolate,3.5,70
Map Chocolate,3.5,62
Map Chocolate,3.5,70
Map Chocolate,2.75,70
Map Chocolate,3.5,70
Map Chocolate,3.5,68
Map Chocolate,2.75,75
Map Chocolate,3.0,72
Map Chocolate,3.5,78
Marana,3.0,70
Marana,2.75,70
Marana,3.0,70
Marigold's Finest,3.25,75
Marou,3.25,85
Marou,3.5,68
Marou,3.75,70
Marou,3.5,75
Marou,3.5,76
Marou,3.5,72
Marou,3.5,70
Marou,3.5,78
Marou,3.0,80
Marou,3.5,74
Mars,3.0,65
Mars,3.0,65
Mars,3.25,65
Mars,3.5,65
Marsatta,2.25,74
Marsatta,2.5,89
Martin Mayer,2.75,76
Martin Mayer,3.0,82
Martin Mayer,3.25,74
Mast Brothers,3.0,76
Mast Brothers,3.25,74
Mast Brothers,3.75,75
Mast Brothers,3.5,73
Mast Brothers,2.5,72
Mast Brothers,2.75,73
Mast Brothers,3.5,72
Mast Brothers,3.0,76
Mast Brothers,3.0,70
Mast Brothers,2.75,81
Mast Brothers,3.5,70
Mast Brothers,2.75,71
Mast Brothers,3.0,75
Mast Brothers,3.25,73
Mast Brothers,3.75,74
Mast Brothers,2.75,81
Mast Brothers,3.0,75
Mast Brothers,3.25,70
Matale,3.5,72
Matale,4.0,68
Matale,4.0,74
Matale,3.75,70
Maverick,3.25,70
Maverick,3.25,70
Maverick,3.25,82
Maverick,3.5,63
Mayacama,3.0,72
Meadowlands,2.5,70
Meadowlands,2.75,70
Meadowlands,3.0,70
Meadowlands,3.0,70
Meadowlands,3.5,70
Menakao (aka Cinagra),2.5,80
Menakao (aka Cinagra),2.5,72
Mesocacao,2.75,80
Mesocacao,3.0,70
Mesocacao,3.25,80
Mesocacao,3.5,70
Mesocacao,3.25,70
Mesocacao,3.5,80
Metiisto,3.0,70
Metiisto,3.5,72
Metropolitan,3.5,70
Michel Cluizel,3.75,66
Michel Cluizel,3.5,66
Michel Cluizel,3.5,67
Michel Cluizel,2.0,60
Michel Cluizel,2.0,85
Michel Cluizel,3.0,70
Michel Cluizel,4.0,67
Michel Cluizel,4.0,65
Michel Cluizel,4.0,64
Michel Cluizel,2.0,99
Middlebury,3.5,80
Middlebury,3.5,70
Middlebury,3.75,75
Middlebury,3.75,75
Middlebury,3.25,75
Middlebury,3.5,70
Middlebury,2.5,75
Middlebury,3.25,80
Middlebury,1.5,65
Middlebury,2.0,75
Middlebury,2.5,70
Millcreek Cacao Roasters,2.5,70
Millcreek Cacao Roasters,3.5,70
Mindo,2.75,67
Mindo,2.75,77
Minimal,3.5,70
Mission,3.75,75
Mission,3.5,70
Mita,2.5,65
Moho,3.25,73
Moho,3.0,72
Moho,2.75,67
Molucca,3.0,70
Molucca,2.75,70
Molucca,3.25,70
Momotombo,2.75,70
Momotombo,2.75,70
Momotombo,3.25,70
Monarque,3.5,72
Monsieur Truffe,3.25,70
Montecristi,3.25,70
Montecristi,3.5,63
Montecristi,3.5,85
Muchomas (Mesocacao),3.5,70
Muchomas (Mesocacao),3.5,80
Mutari,2.75,68
Mutari,2.75,71
Mutari,2.75,68
Mutari,3.0,80
Nahua,2.5,58
Nahua,3.0,70
Naive,3.75,70
Naive,3.75,78
Naive,2.5,71
Naï¿½ve,3.25,70
Naï¿½ve,2.75,75
Naï¿½ve,3.0,70
Nanea,3.5,85
Nathan Miller,2.25,72
Nathan Miller,2.5,70
Nathan Miller,2.5,73.5
Nathan Miller,3.5,70
Neuhaus (Callebaut),2.5,70
Neuhaus (Callebaut),3.75,67
Neuhaus (Callebaut),1.0,73
Neuhaus (Callebaut),2.0,73
Neuhaus (Callebaut),2.75,75
Neuhaus (Callebaut),3.0,71
Nibble,2.25,72
Nibble,2.75,72
Nibble,3.0,72
Nibble,3.0,72
Night Owl,2.75,75
Night Owl,3.5,75
Noble Bean aka Jerjobo,3.0,75
Noble Bean aka Jerjobo,3.0,75
Noble Bean aka Jerjobo,3.25,75
Noir d' Ebine,3.0,70
Noir d' Ebine,3.0,70
Nova Monda,3.0,70
Nova Monda,2.75,75
Nova Monda,3.25,80
Nuance,3.75,70
Nuance,2.75,70
Nuance,3.0,70
Nuance,3.5,70
Nuance,3.75,70
Nugali,3.5,70
Oakland Chocolate Co.,2.5,70
Obolo,3.75,70
Obolo,3.75,70
Ocelot,3.75,70
Ocelot,4.0,75
Ocho,2.75,100
Ocho,3.5,70
Ocho,2.75,66
Ocho,3.0,70
Ocho,3.25,88
Ocho,3.5,74
Ohiyo,2.75,70
Ohiyo,3.0,70
Oialla by Bojessen (Malmo),3.5,70
Olive and Sinclair,3.0,72
Olive and Sinclair,3.0,72
Olive and Sinclair,2.75,67
Olive and Sinclair,3.0,75
Olivia,2.0,76
Olivia,2.75,76
Olivia,2.75,85
Olivia,3.0,85
Omanhene,2.75,80
Omnom,3.75,70
Omnom,3.0,70
Omnom,3.5,66
organicfair,2.75,74
organicfair,2.75,72
organicfair,2.75,72
organicfair,3.0,72
organicfair,3.0,72
Original Beans (Felchlin),2.75,68
Original Beans (Felchlin),3.25,80
Original Beans (Felchlin),3.75,66
Original Beans (Felchlin),3.0,70
Original Beans (Felchlin),3.0,75
Original Beans (Felchlin),3.25,68
Original Hawaiin Chocolate Factory,3.0,60
Original Hawaiin Chocolate Factory,3.0,60
Orquidea,3.0,65
Orquidea,3.0,72
Pacari,4.0,70
Pacari,3.25,70
Pacari,3.5,70
Pacari,3.75,70
Pacari,4.0,70
Pacari,2.75,85
Pacari,4.0,70
Pacari,3.5,70
Pacari,2.5,60
Pacari,2.75,65
Pacari,3.0,72
Pacari,2.0,100
Pacari,3.5,70
Palette de Bine,2.75,70
Palette de Bine,3.0,72
Palette de Bine,3.25,70
Palette de Bine,3.25,70
Palette de Bine,3.5,72
Palette de Bine,3.75,72
Palette de Bine,2.75,72
Palette de Bine,3.75,78
Palette de Bine,2.75,75
Palette de Bine,3.5,75
Palette de Bine,3.75,70
Pangea,3.0,76
Park 75,3.5,65
Parliament,3.25,70
Parliament,3.5,70
Parliament,3.0,70
Parliament,3.5,70
Pascha,2.5,55
Pascha,2.75,70
Patric,3.75,70
Patric,4.0,75
Patric,3.5,67
Patric,3.5,70
Patric,4.0,70
Patric,4.0,67
Paul Young,2.25,73
Paul Young,2.75,64
Peppalo,3.0,82
Pierre Marcolini,3.25,70
Pierre Marcolini,3.0,75
Pierre Marcolini,3.25,75
Pierre Marcolini,3.75,78
Pierre Marcolini,3.0,85
Pierre Marcolini,3.0,72
Pierre Marcolini,3.0,72
Pierre Marcolini,4.0,70
Pierre Marcolini,3.75,72
Pierre Marcolini,4.0,72
Pierre Marcolini,3.5,85
Pierre Marcolini,4.0,72
Pierre Marcolini,3.0,72
Pierre Marcolini,4.0,72
Pinellas,2.5,80
Pitch Dark,2.5,62
Pitch Dark,2.75,80
Pitch Dark,2.75,80
Pitch Dark,2.75,80
Pitch Dark,3.25,80
Pitch Dark,3.25,73
Pitch Dark,2.5,73
Pitch Dark,3.25,73
Pitch Dark,3.5,73
Pomm (aka Dead Dog),2.5,76
Pomm (aka Dead Dog),2.75,82
Potomac,3.75,70
Potomac,3.75,70
Potomac,3.5,70
Potomac,3.0,70
Potomac,2.75,70
Potomac,3.5,70
Potomac,3.75,82
Pralus,3.25,75
Pralus,3.25,75
Pralus,3.5,75
Pralus,2.0,75
Pralus,3.0,75
Pralus,3.0,100
Pralus,2.0,75
Pralus,3.5,75
Pralus,4.0,75
Pralus,3.0,75
Pralus,3.5,75
Pralus,3.5,75
Pralus,3.5,75
Pralus,3.75,75
Pralus,3.5,75
Pralus,3.5,75
Pralus,4.0,75
Pralus,3.0,75
Pralus,3.0,75
Pralus,3.25,75
Pralus,3.5,75
Pralus,4.0,80
Pralus,3.0,75
Pralus,3.0,75
Pralus,3.5,75
Pump Street Bakery,3.5,77
Pump Street Bakery,3.5,70
Pump Street Bakery,3.5,74
Pump Street Bakery,2.75,80
Pump Street Bakery,2.75,75
Pump Street Bakery,3.0,75
Pump Street Bakery,3.25,72
Pump Street Bakery,2.75,85
Pura Delizia,2.75,73
Q Chocolate,3.25,75
Q Chocolate,3.5,85
Q Chocolate,2.75,55
Q Chocolate,3.25,80
Q Chocolate,3.0,60
Q Chocolate,3.25,65
Quetzalli (Wolter),2.75,70
Quetzalli (Wolter),3.0,74
Raaka,3.0,70
Raaka,2.75,75
Raaka,3.25,75
Raaka,3.5,85
Rain Republic,2.75,70
Rancho San Jacinto,3.0,75
Ranger,2.5,70
Ranger,3.25,80
Ranger,3.5,73
Raoul Boulanger,3.25,75
Raw Cocoa,2.5,70
Republica del Cacao (aka Confecta),3.25,75
Republica del Cacao (aka Confecta),2.5,75
Republica del Cacao (aka Confecta),3.0,75
Republica del Cacao (aka Confecta),3.5,67
Republica del Cacao (aka Confecta),3.75,75
Ritual,3.75,75
Ritual,3.5,85
Ritual,3.5,70
Ritual,3.75,75
Ritual,3.0,75
Ritual,4.0,75
Ritual,3.25,75
Ritual,3.5,75
Ritual,3.5,75
Roasting Masters,3.25,70
Roasting Masters,3.25,70
Roasting Masters,3.25,70
Robert (aka Chocolaterie Robert),3.25,75
Robert (aka Chocolaterie Robert),3.25,68
Rococo (Grenada Chocolate Co.),3.5,66
Rogue,3.75,75
Rogue,3.75,70
Rogue,3.25,75
Rogue,3.75,80
Rogue,3.5,70
Rogue,3.5,70
Rogue,4.0,75
Rogue,3.75,75
Rogue,3.75,75
Rogue,3.0,75
Rogue,3.75,75
Rogue,3.5,70
Rogue,2.75,70
Rogue,2.75,70
Rogue,2.75,70
Rogue,3.0,70
Rozsavolgyi,2.5,84
Rozsavolgyi,2.25,76
Rozsavolgyi,2.5,72
Rozsavolgyi,3.5,73
Rozsavolgyi,2.5,71
Rozsavolgyi,3.5,70
Rozsavolgyi,2.75,77
S.A.I.D.,3.5,64
S.A.I.D.,1.5,100
S.A.I.D.,3.0,70
S.A.I.D.,3.5,72
S.A.I.D.,3.5,72
Sacred,2.75,83
Sacred,3.25,69
Salgado,3.5,70
Salgado,3.5,70
Salgado,3.5,70
Salgado,3.5,70
Santander (Compania Nacional),2.75,75
Santander (Compania Nacional),3.0,70
Santander (Compania Nacional),2.0,53
Santander (Compania Nacional),3.0,65
Santander (Compania Nacional),4.0,70
Santome,2.75,70
Scharffen Berger,4.0,78
Scharffen Berger,3.75,68
Scharffen Berger,3.5,68
Scharffen Berger,3.75,65
Scharffen Berger,3.75,68
Scharffen Berger,4.0,65
Scharffen Berger,3.75,72
Scharffen Berger,3.0,72
Scharffen Berger,3.0,72
Scharffen Berger,3.0,62
Scharffen Berger,3.75,75
Scharffen Berger,3.0,75
Scharffen Berger,2.0,82
Scharffen Berger,3.5,70
Scharffen Berger,2.0,68
Scharffen Berger,2.0,70
Scharffen Berger,3.0,62
Seaforth,2.75,70
Seaforth,2.75,70
Shark Mountain,3.25,72
Shark Mountain,3.5,73
Shark Mountain,2.75,77
Shark Mountain,3.5,74
Shark Mountain,3.0,75
Shark Mountain,3.25,72
Shark's,2.0,73
Shark's,2.5,73
Shattel,3.25,70
Shattell,3.5,75
Sibu,3.25,82
Sibu,3.5,70
Sibu Sura,2.5,70
Silvio Bessone,3.0,67
Silvio Bessone,3.25,65
Silvio Bessone,3.25,60
Silvio Bessone,3.0,68
Sirene,3.5,73
Sirene,3.5,73
Sirene,3.75,73
Sirene,3.0,100
Sirene,3.0,100
Sirene,3.0,73
Sirene,3.25,73
Sirene,3.25,73
Sirene,3.75,67
Sirene,3.75,73
Sirene,3.75,73
Sjolinds,2.75,70
Sjolinds,3.0,72
"Smooth Chocolator, The",3.5,70
"Smooth Chocolator, The",3.75,70
"Smooth Chocolator, The",4.0,70
"Smooth Chocolator, The",3.75,70
"Smooth Chocolator, The",3.0,70
"Smooth Chocolator, The",3.75,67
"Smooth Chocolator, The",3.25,70
"Smooth Chocolator, The",3.25,65
"Smooth Chocolator, The",3.5,70
"Smooth Chocolator, The",3.75,67
"Smooth Chocolator, The",3.75,70
"Smooth Chocolator, The",4.0,72
"Smooth Chocolator, The",2.75,72
"Smooth Chocolator, The",3.5,65
"Smooth Chocolator, The",3.0,67
"Smooth Chocolator, The",3.75,70
Snake & Butterfly,1.5,67
Snake & Butterfly,3.0,68
Snake & Butterfly,3.25,68
Sol Cacao,3.5,70
Sol Cacao,3.0,72
Solkiki,2.75,68
Solkiki,2.75,85
Solomons Gold,3.25,70
Solomons Gold,3.25,75
Solstice,3.0,70
Solstice,3.0,70
Solstice,3.0,70
Solstice,3.25,70
Solstice,3.25,70
Solstice,3.5,70
Soma,3.5,62
Soma,3.5,70
Soma,3.5,70
Soma,3.75,75
Soma,3.75,70
Soma,4.0,70
Soma,3.25,70
Soma,3.5,70
Soma,4.0,75
Soma,3.5,70
Soma,3.75,70
Soma,3.25,70
Soma,3.5,80
Soma,3.75,70
Soma,3.25,70
Soma,3.75,77
Soma,3.25,70
Soma,2.75,70
Soma,3.75,70
Soma,3.25,70
Soma,3.75,70
Soma,4.0,88
Soma,4.0,70
Soma,4.0,67
Soma,3.25,70
Soma,4.0,70
Soma,3.25,70
Soma,3.75,70
Soma,4.0,70
Soma,4.0,70
Soma,3.5,70
Soma,3.75,70
Soma,3.5,70
Soma,3.5,85
Soma,2.75,70
Soma,3.5,70
Soma,4.0,64
Soma,4.0,70
Soma,3.75,70
Soma,3.5,70
Soma,3.75,70
Soma,3.0,70
Soma,3.5,70
Soma,3.0,70
Soma,3.5,70
Soma,3.75,70
Soma,3.75,70
Somerville,3.25,70
Somerville,3.5,70
Soul,3.25,70
Soul,3.5,70
Soul,3.5,75
Soul,3.25,75
Soul,3.25,77
Soul,3.5,80
Spagnvola,3.0,70
Spagnvola,3.0,80
Spagnvola,3.25,75
Spencer,3.75,70
Spencer,3.5,70
Spencer,2.75,70
Spencer,3.5,70
Spencer,3.75,70
Spencer,3.75,70
Spencer,2.75,72
Sprungli (Felchlin),3.0,70
SRSLY,3.0,70
SRSLY,2.25,84
Starchild,3.0,70
Starchild,3.0,70
Starchild,3.0,70
Starchild,3.0,70
Starchild,3.0,70
Stella (aka Bernrain),2.75,68
Stella (aka Bernrain),3.25,72
Stone Grindz,3.5,84
Stone Grindz,3.5,70
StRita Supreme,2.5,65
StRita Supreme,2.5,70
StRita Supreme,2.75,75
Sublime Origins,2.75,67
Sublime Origins,3.25,78
Summerbird,2.5,61
Summerbird,3.0,71
Suruca Chocolate,2.75,70
Suruca Chocolate,3.0,60
Svenska Kakaobolaget,2.75,70
Szanto Tibor,3.25,70
Szanto Tibor,3.25,88
Szanto Tibor,3.25,70
Szanto Tibor,3.75,70
Szanto Tibor,3.25,70
Szanto Tibor,3.5,70
Szanto Tibor,3.5,70
Szanto Tibor,3.75,70
Szanto Tibor,3.5,70
Szanto Tibor,3.5,70
Szanto Tibor,3.25,70
Szanto Tibor,3.25,70
Szanto Tibor,3.25,70
Szanto Tibor,3.75,70
Szanto Tibor,3.0,70
Tabal,2.75,70
Tabal,2.75,70
Tabal,2.5,70
Tabal,3.0,70
Tablette (aka Vanillabeans),3.0,70
Tablette (aka Vanillabeans),3.25,62
Tablette (aka Vanillabeans),3.25,60
Tablette (aka Vanillabeans),2.75,77
Tan Ban Skrati,3.25,70
Taza,3.0,68
Taza,3.25,87
Taza,2.75,75
Taza,3.0,70
TCHO,2.0,62
TCHO,3.25,99
TCHO,2.75,60
TCHO,3.0,68
TCHO,2.5,70
TCHO,2.5,70
TCHO,2.75,70
TCHO,2.5,70
Tejas,2.75,70
Tejas,3.0,70
Tejas,3.0,70
Tejas,3.5,70
Tejas,3.25,70
Tejas,2.0,70
Tejas,3.25,70
Tejas,2.75,70
Tejas,3.0,70
Tejas,3.25,70
Tejas,2.75,70
Tejas,3.0,80
Tejas,3.25,67
Tejas,3.5,70
Terroir,2.75,70
Terroir,3.75,70
Terroir,3.75,70
Terroir,3.25,70
Terroir,3.5,70
Terroir,3.75,70
Terroir,3.25,77
Terroir,3.75,67
Terroir,3.75,73
The Barn,3.0,70
Theo,3.25,65
Theo,3.5,65
Theo,2.5,75
Theo,3.0,84
Theo,2.0,91
Theo,3.0,75
Theobroma,3.25,70
Timo A. Meyer,3.75,72
To'ak (Ecuatoriana),3.25,81
Tobago Estate (Pralus),4.0,70
Tocoti,3.0,77
Tocoti,2.75,72
Tocoti,3.0,74
Treehouse,3.0,72
Tsara (Cinagra),3.5,72
twenty-four blackbirds,2.75,75
twenty-four blackbirds,3.5,75
twenty-four blackbirds,3.5,75
twenty-four blackbirds,3.25,68
twenty-four blackbirds,2.5,75
twenty-four blackbirds,2.75,73
Two Ravens,3.0,60
Un Dimanche A Paris,3.75,63
Undone,2.75,74
Undone,3.0,70
Upchurch,3.0,72
Upchurch,3.25,72
Urzi,3.25,65
Valrhona,4.0,63
Valrhona,3.5,70
Valrhona,3.5,64
Valrhona,4.0,69
Valrhona,3.25,56
Valrhona,4.0,64
Valrhona,3.75,64
Valrhona,3.75,66
Valrhona,3.5,68
Valrhona,3.0,72
Valrhona,3.75,65
Valrhona,4.0,64
Valrhona,1.5,85
Valrhona,2.5,85
Valrhona,2.75,71
Valrhona,3.25,64
Valrhona,3.0,66
Valrhona,4.0,70
Valrhona,2.5,64
Valrhona,3.0,64
Valrhona,3.5,64
Vanleer (Barry Callebaut),2.5,72
Vanleer (Barry Callebaut),2.75,65
Vao Vao (Chocolaterie Robert),2.75,72
Vao Vao (Chocolaterie Robert),2.75,76
Vao Vao (Chocolaterie Robert),2.75,80
Vao Vao (Chocolaterie Robert),3.0,70
Vao Vao (Chocolaterie Robert),3.0,68
Vao Vao (Chocolaterie Robert),3.25,64
Vicuna,3.25,70
Vicuna,3.25,70
Videri,3.25,90
Videri,3.5,75
Videri,3.5,75
Videri,3.75,90
Videri,3.25,70
Vietcacao (A. Morin),3.5,70
Vintage Plantations,3.0,75
Vintage Plantations (Tulicorp),2.0,100
Vintage Plantations (Tulicorp),2.0,90
Vintage Plantations (Tulicorp),3.0,75
Vintage Plantations (Tulicorp),3.0,65
Violet Sky,2.75,77
Violet Sky,3.0,77
Violet Sky,3.0,77
Violet Sky,3.25,77
Violet Sky,2.75,77
Vivra,2.5,70
Vivra,2.5,70
Vivra,3.0,70
Wellington Chocolate Factory,3.5,70
Wellington Chocolate Factory,3.5,70
Whittakers,2.5,72
Wilkie's Organic,2.5,75
Wilkie's Organic,2.75,89
Wilkie's Organic,3.25,75
Wilkie's Organic,2.75,75
Willie's Cacao,4.0,70
Willie's Cacao,3.0,88
Willie's Cacao,2.25,100
Willie's Cacao,3.0,71
Willie's Cacao,3.5,72
Willie's Cacao,3.75,69
Willie's Cacao,3.0,70
Willie's Cacao,3.25,72
Wm,3.0,74
Wm,3.5,76
Wm,3.75,75
Woodblock,3.0,70
Woodblock,3.25,70
Woodblock,3.5,70
Woodblock,2.5,70
Woodblock,3.0,70
Woodblock,3.25,70
Woodblock,4.0,70
Woodblock,3.5,70
Xocolat,3.0,66
Xocolla,2.75,70
Xocolla,2.5,70
Zak's,3.0,70
Zak's,3.25,70
Zak's,3.25,70
Zak's,3.25,70
Zak's,3.5,70
Zak's,3.0,60
Zart Pralinen,3.5,70
Zart Pralinen,2.75,70
Zart Pralinen,2.75,85
Zart Pralinen,3.0,85
Zart Pralinen,3.5,70
Zart Pralinen,3.5,78
Zokoko,3.75,78
Zokoko,3.25,65
Zokoko,3.5,68
Zokoko,3.5,66
Zokoko,3.75,72
Zotter,2.75,80
Zotter,3.5,72
Zotter,3.5,65
Zotter,3.0,70
Zotter,3.5,70
Zotter,3.75,62
Zotter,3.0,75
Zotter,3.0,75
Zotter,3.25,90
Zotter,3.75,70
Zotter,3.25,68
Zotter,3.5,58
Zotter,3.75,70
Zotter,3.0,65
Zotter,3.5,65
Zotter,3.25,62
Zotter,3.0,65
